{
"lengthUnit": "mil",
"remark": [],
"components": {
	"fields": ["COMPONENT_NO", "COMPONENT_NAME", "LAYER", "X_COORDINATE", "Y_COORDINATE", "ANGLE"],
	"rows": [
		[1, "RJ1", "B", 0, 1065, 180],
		[2, "SW1-STATUS", "T", -470, 405, 270],
		[3, "SW2-MODE", "T", 480, 405, 270],
		[4, "PAD1", "T", -450.789, 1029.96, 0],
		[5, "PAD1", "B", -450.789, 1029.96, 0],
		[6, "PAD2", "T", -410.629, 1100.04, 0],
		[7, "PAD2", "B", -410.629, 1100.04, 0],
		[8, "PAD3", "T", -370.479, 1029.96, 0],
		[9, "PAD3", "B", -370.479, 1029.96, 0],
		[10, "PAD4", "T", -330.319, 1100.04, 0],
		[11, "PAD4", "B", -330.319, 1100.04, 0],
		[12, "PAD5", "T", -209.849, 1029.96, 0],
		[13, "PAD5", "B", -209.849, 1029.96, 0],
		[14, "PAD6", "T", 169.691, 1029.96, 0],
		[15, "PAD6", "B", 169.691, 1029.96, 0],
		[16, "PAD7", "T", 209.841, 1100.04, 0],
		[17, "PAD7", "B", 209.841, 1100.04, 0],
		[18, "PAD8", "T", 250.001, 1029.96, 0],
		[19, "PAD8", "B", 250.001, 1029.96, 0],
		[20, "PAD9", "T", 290.151, 1100.04, 0],
		[21, "PAD9", "B", 290.151, 1100.04, 0],
		[22, "PAD10", "T", 410.631, 1029.96, 0],
		[23, "PAD10", "B", 410.631, 1029.96, 0],
		[24, "PAD11", "T", -403.07, 503.425, 0],
		[25, "PAD11", "B", -403.07, 503.425, 0],
		[26, "PAD12", "T", -403.07, 404.995, 0],
		[27, "PAD12", "B", -403.07, 404.995, 0],
		[28, "PAD13", "T", -403.07, 306.575, 0],
		[29, "PAD13", "B", -403.07, 306.575, 0],
		[30, "PAD14", "T", -536.93, 306.575, 0],
		[31, "PAD14", "B", -536.93, 306.575, 0],
		[32, "PAD15", "T", -536.93, 503.425, 0],
		[33, "PAD15", "B", -536.93, 503.425, 0],
		[34, "PAD16", "T", -536.93, 405.005, 0],
		[35, "PAD16", "B", -536.93, 405.005, 0],
		[36, "PAD17", "T", 546.93, 503.425, 0],
		[37, "PAD17", "B", 546.93, 503.425, 0],
		[38, "PAD18", "T", 546.93, 404.995, 0],
		[39, "PAD18", "B", 546.93, 404.995, 0],
		[40, "PAD19", "T", 546.93, 306.575, 0],
		[41, "PAD19", "B", 546.93, 306.575, 0],
		[42, "PAD20", "T", 413.07, 306.575, 0],
		[43, "PAD20", "B", 413.07, 306.575, 0],
		[44, "PAD21", "T", 413.07, 503.425, 0],
		[45, "PAD21", "B", 413.07, 503.425, 0],
		[46, "PAD22", "T", 413.07, 405.005, 0],
		[47, "PAD22", "B", 413.07, 405.005, 0]
	]
},
"pins": {
	"fields": ["PIN_NO", "PIN_NAME", "PIN_X", "PIN_Y", "LAYER", "PIN_TYPE", "NET_NAME", "NET_TYPE", "PAD_SHAPE", "PAD_SIZEX", "PAD_SIZEY", "HOLE_SIZE", "HOLE_LEN", "PAD_ANGLE"],
	"rows": [
		[1, "RJ1_1", -450.789, 1029.96, "T", "DIP", "GND", "GND", "C", 60, 60, 36, 36, 0],
		[2, "RJ1_1", -450.789, 1029.96, "B", "DIP", "GND", "GND", "C", 60, 60, 36, 36, 0],
		[3, "RJ1_2", -410.629, 1100.04, "T", "DIP", "RJ1_2", "", "C", 60, 60, 36, 36, 0],
		[4, "RJ1_2", -410.629, 1100.04, "B", "DIP", "RJ1_2", "", "C", 60, 60, 36, 36, 0],
		[5, "RJ1_3", -370.479, 1029.96, "T", "DIP", "RJ1_3", "", "C", 60, 60, 36, 36, 0],
		[6, "RJ1_3", -370.479, 1029.96, "B", "DIP", "RJ1_3", "", "C", 60, 60, 36, 36, 0],
		[7, "RJ1_4", -330.319, 1100.04, "T", "DIP", "GND", "GND", "C", 60, 60, 36, 36, 0],
		[8, "RJ1_4", -330.319, 1100.04, "B", "DIP", "GND", "GND", "C", 60, 60, 36, 36, 0],
		[9, "RJ1_5", -290.159, 1029.96, "T", "DIP", "NET_1", "", "C", 60, 60, 36, 36, 0],
		[10, "RJ1_5", -290.159, 1029.96, "B", "DIP", "NET_1", "", "C", 60, 60, 36, 36, 0],
		[11, "RJ1_6", -249.999, 1100.04, "T", "DIP", "NET_2", "", "C", 60, 60, 36, 36, 0],
		[12, "RJ1_6", -249.999, 1100.04, "B", "DIP", "NET_2", "", "C", 60, 60, 36, 36, 0],
		[13, "RJ1_7", -209.849, 1029.96, "T", "DIP", "GND", "GND", "C", 60, 60, 36, 36, 0],
		[14, "RJ1_7", -209.849, 1029.96, "B", "DIP", "GND", "GND", "C", 60, 60, 36, 36, 0],
		[15, "RJ1_8", -169.689, 1100.04, "T", "DIP", "NET_3", "", "C", 60, 60, 36, 36, 0],
		[16, "RJ1_8", -169.689, 1100.04, "B", "DIP", "NET_3", "", "C", 60, 60, 36, 36, 0],
		[17, "RJ1_9", 169.691, 1029.96, "T", "DIP", "GND", "GND", "C", 60, 60, 36, 36, 0],
		[18, "RJ1_9", 169.691, 1029.96, "B", "DIP", "GND", "GND", "C", 60, 60, 36, 36, 0],
		[19, "RJ1_10", 209.841, 1100.04, "T", "DIP", "RJ1_2", "", "C", 60, 60, 36, 36, 0],
		[20, "RJ1_10", 209.841, 1100.04, "B", "DIP", "RJ1_2", "", "C", 60, 60, 36, 36, 0],
		[21, "RJ1_11", 250.001, 1029.96, "T", "DIP", "RJ1_3", "", "C", 60, 60, 36, 36, 0],
		[22, "RJ1_11", 250.001, 1029.96, "B", "DIP", "RJ1_3", "", "C", 60, 60, 36, 36, 0],
		[23, "RJ1_12", 290.151, 1100.04, "T", "DIP", "GND", "GND", "C", 60, 60, 36, 36, 0],
		[24, "RJ1_12", 290.151, 1100.04, "B", "DIP", "GND", "GND", "C", 60, 60, 36, 36, 0],
		[25, "RJ1_13", 330.311, 1029.96, "T", "DIP", "NET_4", "", "C", 60, 60, 36, 36, 0],
		[26, "RJ1_13", 330.311, 1029.96, "B", "DIP", "NET_4", "", "C", 60, 60, 36, 36, 0],
		[27, "RJ1_14", 370.471, 1100.04, "T", "DIP", "NET_5", "", "C", 60, 60, 36, 36, 0],
		[28, "RJ1_14", 370.471, 1100.04, "B", "DIP", "NET_5", "", "C", 60, 60, 36, 36, 0],
		[29, "RJ1_15", 410.631, 1029.96, "T", "DIP", "GND", "GND", "C", 60, 60, 36, 36, 0],
		[30, "RJ1_15", 410.631, 1029.96, "B", "DIP", "GND", "GND", "C", 60, 60, 36, 36, 0],
		[31, "RJ1_16", 450.781, 1100.04, "T", "DIP", "NET_6", "", "C", 60, 60, 36, 36, 0],
		[32, "RJ1_16", 450.781, 1100.04, "B", "DIP", "NET_6", "", "C", 60, 60, 36, 36, 0],
		[33, "SW1-STATUS_1", -403.07, 503.425, "T", "DIP", "RJ1_3", "", "C", 66.929, 66.929, 35.434, 35.434, 0],
		[34, "SW1-STATUS_1", -403.07, 503.425, "B", "DIP", "RJ1_3", "", "C", 66.929, 66.929, 35.434, 35.434, 0],
		[35, "SW1-STATUS_2", -403.07, 404.995, "T", "DIP", "RJ1_3", "", "C", 66.929, 66.929, 35.434, 35.434, 0],
		[36, "SW1-STATUS_2", -403.07, 404.995, "B", "DIP", "RJ1_3", "", "C", 66.929, 66.929, 35.434, 35.434, 0],
		[37, "SW1-STATUS_3", -403.07, 306.575, "T", "DIP", "GND", "GND", "C", 66.929, 66.929, 35.434, 35.434, 0],
		[38, "SW1-STATUS_3", -403.07, 306.575, "B", "DIP", "GND", "GND", "C", 66.929, 66.929, 35.434, 35.434, 0],
		[39, "SW1-STATUS_4", -536.93, 503.425, "T", "DIP", "RJ1_3", "", "C", 66.929, 66.929, 35.434, 35.434, 0],
		[40, "SW1-STATUS_4", -536.93, 503.425, "B", "DIP", "RJ1_3", "", "C", 66.929, 66.929, 35.434, 35.434, 0],
		[41, "SW1-STATUS_5", -536.93, 405.005, "T", "DIP", "RJ1_3", "", "C", 66.929, 66.929, 35.434, 35.434, 0],
		[42, "SW1-STATUS_5", -536.93, 405.005, "B", "DIP", "RJ1_3", "", "C", 66.929, 66.929, 35.434, 35.434, 0],
		[43, "SW1-STATUS_6", -536.93, 306.575, "T", "DIP", "GND", "GND", "C", 66.929, 66.929, 35.434, 35.434, 0],
		[44, "SW1-STATUS_6", -536.93, 306.575, "B", "DIP", "GND", "GND", "C", 66.929, 66.929, 35.434, 35.434, 0],
		[45, "SW2-MODE_1", 546.93, 503.425, "T", "DIP", "RJ1_2", "", "C", 66.929, 66.929, 35.434, 35.434, 0],
		[46, "SW2-MODE_1", 546.93, 503.425, "B", "DIP", "RJ1_2", "", "C", 66.929, 66.929, 35.434, 35.434, 0],
		[47, "SW2-MODE_2", 546.93, 404.995, "T", "DIP", "RJ1_2", "", "C", 66.929, 66.929, 35.434, 35.434, 0],
		[48, "SW2-MODE_2", 546.93, 404.995, "B", "DIP", "RJ1_2", "", "C", 66.929, 66.929, 35.434, 35.434, 0],
		[49, "SW2-MODE_3", 546.93, 306.575, "T", "DIP", "GND", "GND", "C", 66.929, 66.929, 35.434, 35.434, 0],
		[50, "SW2-MODE_3", 546.93, 306.575, "B", "DIP", "GND", "GND", "C", 66.929, 66.929, 35.434, 35.434, 0],
		[51, "SW2-MODE_4", 413.07, 503.425, "T", "DIP", "RJ1_2", "", "C", 66.929, 66.929, 35.434, 35.434, 0],
		[52, "SW2-MODE_4", 413.07, 503.425, "B", "DIP", "RJ1_2", "", "C", 66.929, 66.929, 35.434, 35.434, 0],
		[53, "SW2-MODE_5", 413.07, 405.005, "T", "DIP", "RJ1_2", "", "C", 66.929, 66.929, 35.434, 35.434, 0],
		[54, "SW2-MODE_5", 413.07, 405.005, "B", "DIP", "RJ1_2", "", "C", 66.929, 66.929, 35.434, 35.434, 0],
		[55, "SW2-MODE_6", 413.07, 306.575, "T", "DIP", "GND", "GND", "C", 66.929, 66.929, 35.434, 35.434, 0],
		[56, "SW2-MODE_6", 413.07, 306.575, "B", "DIP", "GND", "GND", "C", 66.929, 66.929, 35.434, 35.434, 0],
		[57, "PAD1_1", -450.789, 1029.96, "T", "DIP", "GND", "GND", "C", 60, 60, 36, 36, 0],
		[58, "PAD1_1", -450.789, 1029.96, "B", "DIP", "GND", "GND", "C", 60, 60, 36, 36, 0],
		[59, "PAD2_2", -410.629, 1100.04, "T", "DIP", "RJ1_2", "", "C", 60, 60, 36, 36, 0],
		[60, "PAD2_2", -410.629, 1100.04, "B", "DIP", "RJ1_2", "", "C", 60, 60, 36, 36, 0],
		[61, "PAD3_3", -370.479, 1029.96, "T", "DIP", "RJ1_3", "", "C", 60, 60, 36, 36, 0],
		[62, "PAD3_3", -370.479, 1029.96, "B", "DIP", "RJ1_3", "", "C", 60, 60, 36, 36, 0],
		[63, "PAD4_4", -330.319, 1100.04, "T", "DIP", "GND", "GND", "C", 60, 60, 36, 36, 0],
		[64, "PAD4_4", -330.319, 1100.04, "B", "DIP", "GND", "GND", "C", 60, 60, 36, 36, 0],
		[65, "PAD5_7", -209.849, 1029.96, "T", "DIP", "GND", "GND", "C", 60, 60, 36, 36, 0],
		[66, "PAD5_7", -209.849, 1029.96, "B", "DIP", "GND", "GND", "C", 60, 60, 36, 36, 0],
		[67, "PAD6_9", 169.691, 1029.96, "T", "DIP", "GND", "GND", "C", 60, 60, 36, 36, 0],
		[68, "PAD6_9", 169.691, 1029.96, "B", "DIP", "GND", "GND", "C", 60, 60, 36, 36, 0],
		[69, "PAD7_10", 209.841, 1100.04, "T", "DIP", "RJ1_2", "", "C", 60, 60, 36, 36, 0],
		[70, "PAD7_10", 209.841, 1100.04, "B", "DIP", "RJ1_2", "", "C", 60, 60, 36, 36, 0],
		[71, "PAD8_11", 250.001, 1029.96, "T", "DIP", "RJ1_3", "", "C", 60, 60, 36, 36, 0],
		[72, "PAD8_11", 250.001, 1029.96, "B", "DIP", "RJ1_3", "", "C", 60, 60, 36, 36, 0],
		[73, "PAD9_12", 290.151, 1100.04, "T", "DIP", "GND", "GND", "C", 60, 60, 36, 36, 0],
		[74, "PAD9_12", 290.151, 1100.04, "B", "DIP", "GND", "GND", "C", 60, 60, 36, 36, 0],
		[75, "PAD10_15", 410.631, 1029.96, "T", "DIP", "GND", "GND", "C", 60, 60, 36, 36, 0],
		[76, "PAD10_15", 410.631, 1029.96, "B", "DIP", "GND", "GND", "C", 60, 60, 36, 36, 0],
		[77, "PAD11_1", -403.07, 503.425, "T", "DIP", "RJ1_3", "", "C", 66.929, 66.929, 35.434, 35.434, 0],
		[78, "PAD11_1", -403.07, 503.425, "B", "DIP", "RJ1_3", "", "C", 66.929, 66.929, 35.434, 35.434, 0],
		[79, "PAD12_2", -403.07, 404.995, "T", "DIP", "RJ1_3", "", "C", 66.929, 66.929, 35.434, 35.434, 0],
		[80, "PAD12_2", -403.07, 404.995, "B", "DIP", "RJ1_3", "", "C", 66.929, 66.929, 35.434, 35.434, 0],
		[81, "PAD13_3", -403.07, 306.575, "T", "DIP", "GND", "GND", "C", 66.929, 66.929, 35.434, 35.434, 0],
		[82, "PAD13_3", -403.07, 306.575, "B", "DIP", "GND", "GND", "C", 66.929, 66.929, 35.434, 35.434, 0],
		[83, "PAD14_6", -536.93, 306.575, "T", "DIP", "GND", "GND", "C", 66.929, 66.929, 35.434, 35.434, 0],
		[84, "PAD14_6", -536.93, 306.575, "B", "DIP", "GND", "GND", "C", 66.929, 66.929, 35.434, 35.434, 0],
		[85, "PAD15_4", -536.93, 503.425, "T", "DIP", "RJ1_3", "", "C", 66.929, 66.929, 35.434, 35.434, 0],
		[86, "PAD15_4", -536.93, 503.425, "B", "DIP", "RJ1_3", "", "C", 66.929, 66.929, 35.434, 35.434, 0],
		[87, "PAD16_5", -536.93, 405.005, "T", "DIP", "RJ1_3", "", "C", 66.929, 66.929, 35.434, 35.434, 0],
		[88, "PAD16_5", -536.93, 405.005, "B", "DIP", "RJ1_3", "", "C", 66.929, 66.929, 35.434, 35.434, 0],
		[89, "PAD17_1", 546.93, 503.425, "T", "DIP", "RJ1_2", "", "C", 66.929, 66.929, 35.434, 35.434, 0],
		[90, "PAD17_1", 546.93, 503.425, "B", "DIP", "RJ1_2", "", "C", 66.929, 66.929, 35.434, 35.434, 0],
		[91, "PAD18_2", 546.93, 404.995, "T", "DIP", "RJ1_2", "", "C", 66.929, 66.929, 35.434, 35.434, 0],
		[92, "PAD18_2", 546.93, 404.995, "B", "DIP", "RJ1_2", "", "C", 66.929, 66.929, 35.434, 35.434, 0],
		[93, "PAD19_3", 546.93, 306.575, "T", "DIP", "GND", "GND", "C", 66.929, 66.929, 35.434, 35.434, 0],
		[94, "PAD19_3", 546.93, 306.575, "B", "DIP", "GND", "GND", "C", 66.929, 66.929, 35.434, 35.434, 0],
		[95, "PAD20_6", 413.07, 306.575, "T", "DIP", "GND", "GND", "C", 66.929, 66.929, 35.434, 35.434, 0],
		[96, "PAD20_6", 413.07, 306.575, "B", "DIP", "GND", "GND", "C", 66.929, 66.929, 35.434, 35.434, 0],
		[97, "PAD21_4", 413.07, 503.425, "T", "DIP", "RJ1_2", "", "C", 66.929, 66.929, 35.434, 35.434, 0],
		[98, "PAD21_4", 413.07, 503.425, "B", "DIP", "RJ1_2", "", "C", 66.929, 66.929, 35.434, 35.434, 0],
		[99, "PAD22_5", 413.07, 405.005, "T", "DIP", "RJ1_2", "", "C", 66.929, 66.929, 35.434, 35.434, 0],
		[100, "PAD22_5", 413.07, 405.005, "B", "DIP", "RJ1_2", "", "C", 66.929, 66.929, 35.434, 35.434, 0]
	]
}
}